,Title,Product Description,How to,Suitabile for,Benefits,FAQ,FAQ,FAQ,Meta Title,Meta Description
Existing,Original Protein Therapy,"Hair Therapy Treatment:
Original Protein Therapy is the best and best hair protein thanks to its wonderful ingredients and effective formula. Protein Therapy Original works to repair, protect and strengthen hair strands and achieve quick results from the first use. It contains amino acids, collagen and argan oil, in addition to an innovative blend of keratin and other proteins such as caviar, cashmere, soybeans, wheat, silk and rice. Original Protein Therapy helps soften and moisturize hair, in addition to treating dry and frizzy hair, working to straighten it and make it soft and silky smooth. Original protein helps solve the problems of thin hair. It increases hair density, moisturization and shine, and rids hair of constant tangles and annoying curls. Protein Therapy for hair helps solve the problems of breakage, loss and dryness, in addition to strengthening the hair and making it shiny and soft for the longest possible period.","The first step: Washing the hair with clarifying shampoo so that the hair pores open and the protein reaches all parts of it. It is recommended to leave the shampoo on the hair for 3 minutes.
Step Two: Wash the hair well with plain water to remove the shampoo.
Step Three: Dry the hair well using a blow dryer and make sure it stays somewhat moist.
Step Four: Prepare the appropriate amount of protein from the special package as needed.
Step Five: Divide the hair into 4 parts, and from each section, take thin strands using a comb.
Step Six: Before the next step, which is applying the protein to the hair, you must wear gloves to protect the hands from the protein.
Step Seven: Apply the protein to the strands one by one using the brush, making sure to comb each strand with a narrow comb before moving on to the next strand. In the same seventh step: You must be careful to leave a distance of 1 cm between the scalp and the protein to avoid damage by the protein to the scalp, especially if it is sensitive.
Step Eight: After completing all the strands in the four parts, the hair is completely combed using a narrow comb.
Step Nine: Leave the hair for 60 minutes in this condition, after which the protein is removed from the hair using only water.
Step Ten: Straighten the hair using a flat iron set to a high temperature of 480 degrees Fahrenheit. This is done by identifying the hair strands using a comb and passing the iron 10 to 15 passes over each.",-,-,-,-,-,Original Protein Therapy for Healthy Hair | Shop Now at Dr. Beauty Care,Strengthen your hair with our Original Protein Therapy. Buy now for optimal hair health near you!
GEO Friendly Content - Jafar,"H1: Original Protein Therapy - Advanced Protein Treatment for Smooth, Strong & Frizz-Free Hair","Ready to give your hair the care it deserves? Original Protein Therapy for Hair is a professional-grade hair restoration treatment that helps repair, protect, and strengthen damaged strands using a potent blend of natural oils and premium proteins.

Packed with keratin, collagen, argan oil, and amino acids, this treatment nourishes your hair cuticle, restoring softness, elasticity, and shine from the very first use.

And that’s not all - it’s enriched with caviar, cashmere, soy, wheat, silk, and rice proteins. The result? Hair that feels silky, smooth, and strong, with frizz under control and visible salon-quality results at home.

H2: What Makes Original Protein Therapy So Special?

This isn’t just a surface-level fix. Original Protein Therapy goes deep into the hair shaft to rebuild keratin bonds and restore your hair’s natural strength. With every use, your hair becomes softer, shinier, and more resilient - a silky, frizz-free finish that lasts for weeks.

Here’s what you can expect:

Smooths and straightens frizzy or curly hair

Repairs split ends and reduces breakage

Adds volume and density to thin or weak hair

Restores natural moisture balance for long-lasting shine

Strengthens strands to prevent future damage

Delivers salon-quality smoothness at home

It’s suitable for all hair types, including colored, bleached, or chemically treated hair, so everyone can enjoy healthier, shinier hair from root to tip.

H2: Key Ingredients in Original Protein Treatment for Hair

Let’s break down what makes this treatment so effective:

Keratin & Collagen: Rebuild damaged hair structure and improve elasticity.

Argan Oil: Deeply nourishes hair while adding natural shine.

Amino Acids: Support hair repair, flexibility, and smoothness.

Caviar, Cashmere, Soy, Wheat, Silk & Rice Proteins: Provide multi-layered hydration, protection, and strength for long-lasting results.

H2: How Does Original Protein Therapy Work?

The magic happens deep inside the hair shaft. The advanced protein complex rebuilds damaged keratin bonds while the amino acids and natural oils hydrate each strand from within. The result? Hair that’s stronger, softer, and beautifully smooth with a long-lasting luminous finish.","H2: How to Use Original Protein Therapy – Step by Step

Here’s a simple guide to get the best results:

Step 1: Start by washing your hair with a clarifying shampoo to open up the pores. Leave it on for 3 minutes so the protein can reach every strand.

Step 2: Rinse thoroughly with plain water to remove all shampoo residue.

Step 3: Blow-dry your hair until it’s mostly dry, but keep it slightly damp.

Step 4: Prepare the right amount of protein from your special package, based on your hair length and thickness.

Step 5: Divide your hair into four sections. Use a comb to take thin strands from each section for treatment.

Step 6: Don’t forget your gloves! They protect your hands while applying the protein.

Step 7: Apply the protein strand by strand using a brush. Comb each strand with a narrow comb before moving to the next. Make sure to leave a 1 cm gap from your scalp to avoid irritation, especially if your scalp is sensitive.

Step 8: Once all strands are treated, comb through your hair again with a narrow comb for even distribution.

Step 9: Leave the treatment on for 60 minutes, then rinse thoroughly with water only — no shampoo needed.

Step 10: Straighten your hair using a flat iron set at 480°F (250°C). Comb through each strand and pass the iron 10–15 times to achieve smooth, silky, long-lasting results.","H2: Who Is This Treatment For?

This therapy works for:

Dry, frizzy, or curly hair

Thin, weak, or brittle hair

Chemically treated or colored hair

Anyone looking for long-lasting smoothness, shine, and straightening","H2: Benefits You’ll Love – Original Protein Therapy for Hair

Restores Hair Structure: Rebuilds damaged strands from the inside out.

Deep Hydration & Softness: Moisturizes hair cuticles for silky, smooth hair.

Frizz & Tangle Reduction: Makes hair manageable and easy to style.

Enhanced Shine: Leaves hair looking healthy and vibrant.

Increased Volume & Density: Strengthens thin or weak hair.

Visible Results from First Use: Noticeable smoothness and shine immediately.","Q1. How often should I use Original Protein Therapy for hair?

For best results, use it once every 2–3 months. The protein bonds and smoothing effects last for several weeks depending on your hair type and care routine.","Q2. Can I use Original Protein Therapy on colored or chemically treated hair?

Absolutely! It’s safe for color-treated or chemically processed hair and helps repair damage caused by coloring, bleaching, or straightening, restoring strength and shine.","Q3. Is Original Protein Therapy suitable for all hair types?

Yes! It works on all hair types, including dry, frizzy, curly, thin, or chemically treated hair. It strengthens and smooths hair while restoring natural moisture, making it safe and effective for everyone.",Original Protein Therapy for Hair – Advanced Keratin Treatment for Smooth and Shiny Hair | Dr. Beauty Care,"Discover the power of Original Protein Therapy for Hair by Dr. Beauty Care — an advanced keratin treatment for hair that repairs, smooths, and restores shine. Perfect for dry, frizzy, or damaged hair seeking long-lasting softness and strength."
